{
    "reset": [
        -3.88247115,
        -1.5707839171039026,
        1.570803165435791,
        4.712472915649414,
        4.712355613708496,
        -1.5707517862319946
    ],
    "test": [
        -4.051313702260153,
        -2.373722855244772,
        2.3751094341278076,
        3.4066858291625977,
        4.808287620544434,
        1.4931985139846802
    ],
    "setting": [
        -3.88247115,
        -2.1232550779925745,
        2.6063902378082275,
        4.776262283325195,
        6.1260762214660645,
        2.557629108428955
    ],
    "paint": [
        -3.97619873682131,
        -1.3095477263080042,
        2.014277458190918,
        4.077742099761963,
        4.702174186706543,
        1.7071738243103027
    ],
    "dip_prepare": [
        -2.9962568918811243,
        -1.2816508452044886,
        1.455953598022461,
        4.560112476348877,
        4.828516483306885,
        1.203858494758606
    ],
    "dip": [
        -3.8008480707751673,
        -1.0050032774554651,
        1.549792766571045,
        4.237484455108643,
        4.711294651031494,
        1.8818809986114502
    ]
}