{
    "reset": [
        -3.1416521708117884,
        -1.5707839171039026,
        1.570803165435791,
        4.712472915649414,
        4.712355613708496,
        -1.5707517862319946
    ],
    "test": [
        -4.051313702260153,
        -2.373722855244772,
        2.3751094341278076,
        3.4066858291625977,
        4.808287620544434,
        1.4931985139846802
    ],
    "setting": [
        -3.242040220891134,
        -2.1232550779925745,
        2.6063902378082275,
        4.776262283325195,
        6.1260762214660645,
        2.557629108428955
    ],
    "paint": [
        -3.169093434010641,
        -1.4509480635272425,
        2.2260146141052246,
        4.007479190826416,
        4.710487365722656,
        1.800628662109375
    ],
    "paint1": [
        -3.41742188135256,
        -0.9255526701556605,
        1.152003288269043,
        4.467647075653076,
        4.7573628425598145,
        1.7978719472885132
    ],
    "paint2": [
        -3.4173858801471155,
        -0.9238250891314905,
        1.1567010879516602,
        4.461332321166992,
        4.757339000701904,
        1.797895908355713
    ],
    "dip_prepare": [
        -2.9962568918811243,
        -1.2816508452044886,
        1.455953598022461,
        4.560112476348877,
        4.828516483306885,
        1.203858494758606
    ]
}