{
    "reset": [
        -3.1416521708117884,
        -1.5707839171039026,
        1.570803165435791,
        4.712472915649414,
        4.712355613708496,
        1.5707517862319946
    ],
    "test": [
        -4.051313702260153,
        -2.373722855244772,
        2.3751094341278076,
        3.4066858291625977,
        4.808287620544434,
        1.4931985139846802
    ],
    "setting": [
        -3.242040220891134,
        -2.1232550779925745,
        2.6063902378082275,
        4.776262283325195,
        6.1260762214660645,
        2.557629108428955
    ]
}